Region,GoogleTrendsIndex
Incheon,19.58490566037736
Daegu,7.037735849056604
Gwangju,3.811320754716981
Daejeon,3.339622641509434
Ulsan,1.0188679245283019
Sejong,0.7735849056603774
Gyeonggi,3.9056603773584904
Gangwon,0.6981132075471698
Chungbuk,11.452830188679245
Chungnam,16.62264150943396
Jeonbuk,35.528301886792455
Jeonnam,5.339622641509434
Gyeongbuk,2.2830188679245285
Gyeongnam,3.7735849056603774
